aid,nombre_a,direccion_a,telefono_a,rid
0,Viajes Cosmópolis Cero Limites,Avenida Sonora 556 Interior 831,+56965034554,11
1,Paso De Viaje Triport,Calle Chiapas 140 Interior 013,+56989651308,14
2,Vuelta Total Lánzate Viajes,"Eje vial Tlaxcala 487 Edif. 075 , Depto. 837",+56955249761,3
3,Paraíso Global Destino Pasaporte,"Cerrada Baja California Sur 915 Edif. 376 , Depto. 284",+56911293190,4
4,De vuelta al sol La Nueva Ruta,Callejón Afganistán 993 655,+56976163184,9
5,Viaje Rail Travesía Viajera,Cerrada Sur Rivero 851 Interior 208,+56918712021,8
6,Vive Ahora Exploramos Agencia de Viajes,Cerrada Nuevo León 513 897,+56909240031,15
7,Órbita Viajera Ruta 86,Calle Norte Tello 176 Interior 218,+56951519804,15
8,Viaja para Contar Puesta de sol,Prolongación Bahrein 382 Interior 255,+56932702159,9
9,De Viaje en Viaje Cero Limites,Prolongación Distrito Federal 678 Interior 830,+56920748724,7
10,Órbita Viajera Universo Turístico,Retorno República Popular Democrática de Corea 478 045,+56913103657,1
11,Neo Viajes Tourx,Boulevard Ceja 000 821,+56987979687,9
12,Travelmaniaco Tiempo de Viaje,"Callejón Baja California 859 Edif. 292 , Depto. 881",+56930853748,14
13,Planifica Tours Exploramos Agencia de Viajes,Peatonal Oaxaca 110 Interior 044,+56985471526,14
14,Travesía Viajera Dulce Viaje,Calle Norte Negrón 006 Interior 157,+56926261281,7
15,Viajes Cosmópolis D-Relax,Avenida Huerta 818 670,+56918939911,15
15,Viajes Cosmópolis D-Relax,Avenida Huerta 818 670,+56918939911,14
16,Aires Travel Tu Rumbo 360,"Privada Treviño 391 Edif. 463 , Depto. 090",+56967224614,5
16,Aires Travel Tu Rumbo 360,"Privada Treviño 391 Edif. 463 , Depto. 090",+56967224614,15
17,Turisfront (Turismo sin fronteras) Supernova,Callejón Sur Benavides 821 Interior 721,+56936755380,4
18,Viaja para Contar Almeda Tours,Retorno México 044 075,+56982390812,7
19,Alaspro Nuevo Horizonte,Ampliación Jalisco 179 Interior 427,+56969889504,13
20,De Viaje en Viaje Travesía Express,"Periférico República Democrática del Congo 061 Edif. 975 , Depto. 885",+56912858311,5
21,Sol De Estrella Vive Ahora,Boulevard Norte Viera 383 Interior 516,+56988438221,2
22,Ruta 100% Full Travesia,Callejón Norte de la Crúz 737 Interior 427,+56990702247,11
23,Vuelta Total Guía Travel,"Corredor Baja California Sur 603 Edif. 126 , Depto. 813",+56922611626,8
24,Destino Pasaporte Expertus,Calzada Tafoya 215 614,+56941888069,5
25,Planifica Tours Visión Viajera,Peatonal Uzbekistán 079 Interior 057,+56958297026,4
26,Viaja para Contar Aires Travel,Cerrada Rivas 051 918,+56909891517,8
27,Tiempo de Viaje Paraíso Global,"Circuito Veracruz de Ignacio de la Llave 053 Edif. 269 , Depto. 295",+56991063078,6
28,Giro 360 ViveGeo,Calzada Puebla 633 Interior 874,+56952728851,4
29,Ontario Viajes Mundo Imperial,Ampliación Hidalgo 304 Interior 794,+56923403167,7
30,Full Travesia Nova Adventure,Retorno Dávila 751 784,+56981553783,14
31,Giro 360 Ruta 86,"Cerrada Norte Tovar 003 Edif. 864 , Depto. 430",+56980728009,8
32,Dulce Viaje Viajes Cosmópolis,Diagonal Arellano 685 Interior 946,+56984336063,15
33,La Nueva Ruta Rutas de Viaje,Periférico Sur Estévez 584 739,+56930323358,14
34,Viaja para Contar Tu Pasaporte,"Corredor Olvera 010 Edif. 539 , Depto. 639",+56971207769,11
35,Alaspro Mundo Imperial,Calzada Jalisco 465 Interior 974,+56932429687,12
36,Exploramos Agencia de Viajes Puesta de sol,Callejón Baja California 298 Interior 479,+56902356001,1
37,Nómada Tours Travesía Viajera,Calzada Norte Luevano 609 846,+56958103993,10
38,Novo Viajes Expertus,Circunvalación Zimbabwe 145 038,+56953046345,9
39,Mundo Explorador Tu Rumbo 360,"Corredor Canadá 912 Edif. 180 , Depto. 037",+56988343486,7
40,Vaya Viajes! En La Ruta,"Boulevard Tailandia 632 Edif. 841 , Depto. 935",+56909473968,15
41,Travelmaniaco Supernova,"Circuito Montero 237 Edif. 010 , Depto. 547",+56963826572,9
42,Mundo Explorador Nova Adventure,"Ampliación Norte Alba 551 Edif. 517 , Depto. 468",+56940357054,1
43,La Porte Bay Mentawai,"Continuación San Luis Potosí 823 Edif. 068 , Depto. 459",+56972783332,15
44,Vuelta Total Qualá Viajes,Circuito Sevilla 080 Interior 687,+56924737726,9
45,Cero Limites La Nueva Ruta,Corredor Congo 174 186,+56940908152,0
46,Aires Travel En La Ruta,Callejón Norte Olivares 295 983,+56922982529,0
47,Universo Turístico Mundo Explorador,Periférico Sur Ozuna 348 517,+56917212469,5
48,Ruta 100% Triport,Diagonal Carranza 031 Interior 996,+56976599800,6
49,Vaya Viajes! Full Travesia,Circuito Rendón 462 840,+56905538368,6
50,Travesía Viajera Órbita Viajera,Privada Suriname 154 Interior 866,+56920730350,14
51,De Viaje en Viaje Vive Ahora,Retorno Varela 951 893,+56904471647,2
52,Mundo Imperial Qualá Viajes,"Avenida Galindo 106 Edif. 082 , Depto. 754",+56980244378,15
53,Viajes Lux Full Travesia,"Boulevard Sur de León 447 Edif. 447 , Depto. 315",+56918183796,6
54,Visión Viajera De Vuelta al Mundo,Viaducto Sur Palomino 126 288,+56910168386,5
55,Rutas de Viaje Triport,Viaducto México 639 Interior 974,+56908988622,5
56,Viajes Cosmópolis Nuevo Horizonte,Circuito Ulibarri 089 251,+56931825388,13
57,Lánzate Viajes Viaja para Contar,Viaducto Veracruz de Ignacio de la Llave 912 902,+56928671409,2
58,Turisfront (Turismo sin fronteras) Exploramos Agencia de Viajes,"Andador Escobedo 018 Edif. 949 , Depto. 982",+56911996627,15
59,Supernova Ingenio Viajero,Viaducto Myanmar 100 Interior 491,+56961318174,10
60,Vuelta Total Rutas de Viaje,Boulevard Sinaloa 521 Interior 959,+56987434074,7
61,Destino Paraíso Almeda Tours,Diagonal Cazares 900 Interior 168,+56914532721,2
62,Lánzate Viajes En La Ruta,Cerrada Argentina 862 608,+56993224760,5
63,Mundo Explorador Alaspro,Viaducto Filipinas 452 Interior 085,+56919681679,3
64,Sol De Estrella Más Luna,Privada Puebla 761 506,+56992355116,1
65,Novo Viajes Turisfront (Turismo sin fronteras),Viaducto Norte Soto 779 613,+56918363449,4
66,Alaspro Travelmaniaco,Corredor Norte Llamas 859 954,+56914914179,12
67,Turisfront (Turismo sin fronteras) Tu Pasaporte,"Peatonal Norte Orta 947 Edif. 531 , Depto. 541",+56945648379,6
68,La Porte Bay Sol De Estrella,"Cerrada Sur Alcántar 973 Edif. 540 , Depto. 501",+56910329144,9
69,Giro 360 Triport,Corredor Papua Nueva Guinea 086 408,+56989660029,13
70,Destino Paraíso Lánzate Viajes,"Callejón República Centroafricana 715 Edif. 297 , Depto. 891",+56910320267,9
71,Paraíso Global Órbita Viajera,Viaducto Serbia 016 Interior 139,+56926093561,7
72,Innovate Astral Viajes,Boulevard Puebla 419 501,+56930876187,15
73,Lánzate Viajes Tourx,Periférico Luxemburgo 471 Interior 870,+56974551385,7
74,Sol De Estrella Aires Travel,"Periférico Rolón 373 Edif. 949 , Depto. 348",+56978461396,14
75,Viaja Lejos Travelmaniaco,Corredor Veracruz de Ignacio de la Llave 614 Interior 919,+56959525662,2
76,Alaspro D-Relax,Calzada Meraz 742 Interior 864,+56976223056,13
77,Nuevo Horizonte Travelmaniaco,Continuación Angola 514 Interior 800,+56950724499,9
78,Ruta 86 Viajero Naútico,Calle Kenya 958 Interior 967,+56978584845,6
78,Ruta 86 Viajero Naútico,Calle Kenya 958 Interior 967,+56978584845,5
79,Alastrip Full Travesia,"Periférico Zamora 754 Edif. 065 , Depto. 633",+56911494339,1
80,Aires Travel Tu Pasaporte,Ampliación Ibarra 719 465,+56946912335,11
81,Exploramos Agencia de Viajes La Porte Bay,Calle Liechtenstein 813 Interior 006,+56932851404,2
82,Viaja Lejos Novo Viajes,Viaducto Coahuila de Zaragoza 340 426,+56953181259,2
83,Vive Ahora Tu Rumbo 360,Circunvalación Durango 041 033,+56999969361,15
84,Dulce Viaje Ingenio Viajero,Privada Norte Garibay 356 Interior 881,+56985519157,9
85,Rutas de Viaje Viajes Cosmópolis,Ampliación Zacatecas 658 416,+56981037420,15
86,Neo Viajes Viajes Lux,Corredor Chihuahua 388 150,+56951014075,1
87,Ontario Viajes La Nueva Ruta,"Viaducto Sur Ávila 209 Edif. 492 , Depto. 872",+56922331902,8
88,Exploramos Agencia de Viajes Triport,"Diagonal Morelos 486 Edif. 250 , Depto. 831",+56917991223,1
89,Avanti Viajes Aires Travel,"Circunvalación Sur Posada 232 Edif. 179 , Depto. 519",+56923880528,3
90,Universo Turístico Rutas de Viaje,"Andador Estrada 940 Edif. 155 , Depto. 375",+56973407389,2
91,Viajes Lux Exploramos Agencia de Viajes,Circuito Afganistán 320 258,+56914478871,3
92,Viaja para Contar Ruta 86,"Circunvalación Sur Montes 647 Edif. 076 , Depto. 017",+56969048130,15
93,Aires Travel ViveGeo,"Andador Hidalgo 393 Edif. 525 , Depto. 801",+56982374628,8
94,Qualá Viajes En La Ruta,"Callejón Norte Montenegro 892 Edif. 996 , Depto. 559",+56920891836,0
95,Alastrip Travesía Express,Privada Lituania 561 Interior 012,+56923150026,2
96,ViveGeo Viajes Lux,Retorno Bulgaria 677 Interior 116,+56951828170,11
97,Alaspro Más Luna,Retorno Sur Cortés 758 354,+56904605645,14
98,Vuelta Total Nuevo Horizonte,"Privada Nuevo León 496 Edif. 266 , Depto. 861",+56938552706,5
99,Ingenio Viajero Cero Limites,"Corredor Nájera 382 Edif. 787 , Depto. 614",+56988597036,0
100,Turisfront (Turismo sin fronteras) Tu Pasaporte,Calzada Norte Figueroa 495 Interior 833,+56956827575,4
101,Mundo Explorador Almeda Tours,"Cerrada República Democrática del Congo 722 Edif. 795 , Depto. 657",+56921339149,1
102,Viajes Lux Destino Paraíso,"Privada Iraq 453 Edif. 631 , Depto. 617",+56976052930,2
103,Alaspro Viajes Lux,Eje vial Norte Feliciano 620 765,+56926725820,5
104,Viaja para Contar Mundo Imperial,Calzada Sur Roldán 992 Interior 256,+56911859608,14
105,Alastrip Rutas de Viaje,Ampliación Zacatecas 294 370,+56947214654,7
106,Tu Pasaporte Órbita Viajera,Cerrada España 048 490,+56982888126,14
107,La Nueva Ruta Travesía Express,Corredor Santana 582 586,+56946879891,4
108,Avanti Viajes Aires Travel,Corredor Morelos 782 Interior 501,+56929301857,0
109,De Viaje en Viaje Vuelta Total,Boulevard Tamaulipas 227 744,+56923508045,5
110,Viajero Naútico Novo Viajes,Viaducto Estonia 096 530,+56964350293,8
111,Lánzate Viajes La Porte Bay,"Diagonal Sinaloa 332 Edif. 856 , Depto. 885",+56970628584,2
112,Alastrip Punto de Partida,Pasaje Salcido 466 Interior 836,+56979282789,14
113,Qualá Viajes Viajero Naútico,Diagonal Norte Oquendo 640 024,+56968811621,12
114,Exploramos Agencia de Viajes Guía Travel,"Eje vial Norte Villegas 852 Edif. 915 , Depto. 614",+56993095822,3
115,De vuelta al sol Órbita Viajera,"Circuito Querétaro 416 Edif. 262 , Depto. 672",+56957991874,3
116,Avanti Viajes D-Relax,Calzada Norte Llamas 219 769,+56903695773,9
117,Ingenio Viajero Ontario Viajes,"Cerrada Oaxaca 279 Edif. 285 , Depto. 371",+56910430008,10
118,En La Ruta Travesía Express,"Avenida Puente 296 Edif. 717 , Depto. 406",+56947297365,12
119,Viajero Itinerante Alastrip,"Corredor Sinaloa 372 Edif. 185 , Depto. 218",+56945331873,6
120,Ruta 86 Vaya Viajes!,Calzada Carrión 560 Interior 724,+56919010436,7
121,Turisfront (Turismo sin fronteras) Neo Viajes,Diagonal Jordania 060 Interior 795,+56904788645,1
122,Viajes Cosmópolis Travelmaniaco,"Boulevard Líbano 107 Edif. 584 , Depto. 208",+56910370837,2
123,ViveGeo Rutas de Viaje,Calzada Aguascalientes 752 Interior 043,+56983175712,1
124,Vive Ahora Viaje Rail,"Continuación Yucatán 310 Edif. 838 , Depto. 738",+56971828912,4
125,Puesta de sol Mentawai,Prolongación El Salvador 337 Interior 249,+56970992452,7
126,Sol De Estrella Mundo Imperial,Eje vial Laboy 967 950,+56975213775,0
127,Aires Travel Puesta de sol,Corredor Madagascar 560 Interior 494,+56977500055,13
128,Innovate Nómada Tours,Peatonal Veracruz de Ignacio de la Llave 260 Interior 021,+56968208172,3
129,Vaya Viajes! Universo Turístico,"Viaducto Polonia 156 Edif. 577 , Depto. 151",+56996727588,2
129,Vaya Viajes! Universo Turístico,"Viaducto Polonia 156 Edif. 577 , Depto. 151",+56996727588,8
130,Planifica Tours Paraíso Global,Circuito Medrano 325 Interior 418,+56917615996,6
131,La Porte Bay Viajero Naútico,Periférico Liberia 924 975,+56961539024,15
132,Destino Paraíso Más Luna,Circunvalación Norte Lira 379 Interior 196,+56912671289,5
133,Neo Viajes La Porte Bay,"Corredor Sur Véliz 460 Edif. 427 , Depto. 529",+56994639784,4
134,ViveGeo Órbita Viajera,Calzada Tamaulipas 837 886,+56988660268,15
135,Viajes Lux La Porte Bay,Retorno Noruega 188 072,+56994954345,2
136,Vive Ahora Tourx,Prolongación Mayorga 514 Interior 007,+56924366133,9
137,Más Luna Tourx,Diagonal Madrid 963 Interior 697,+56994451926,11
138,Innovate La Nueva Ruta,"Peatonal Afganistán 423 Edif. 327 , Depto. 997",+56954443588,5
139,En La Ruta Cero Limites,"Cerrada Morelos 461 Edif. 037 , Depto. 292",+56937208558,15
140,D-Relax Turisfront (Turismo sin fronteras),"Peatonal Sarabia 734 Edif. 710 , Depto. 543",+56912807017,4
141,Destino Pasaporte Travesía Express,Corredor Panamá 673 Interior 630,+56981824044,15
142,Puesta de sol Destino Pasaporte,"Diagonal Etiopía 555 Edif. 678 , Depto. 671",+56992453069,14
143,Viajes Lux Full Travesia,Calle Cantú 044 Interior 385,+56909310847,11
144,Viajes Lux Triport,Callejón Trejo 622 Interior 474,+56939555553,7
145,Nova Adventure Qualá Viajes,Prolongación Yucatán 036 396,+56920753047,4
146,Paso De Viaje Aires Travel,Calle Norte Bahena 699 359,+56918258911,1
147,Mentawai Triport,Prolongación Yucatán 689 Interior 905,+56973916655,8
148,Ontario Viajes Destino Pasaporte,Avenida Peña 576 172,+56977443994,5
149,Aires Travel En La Ruta,Cerrada Coahuila de Zaragoza 404 230,+56978311937,7
150,Lánzate Viajes Alastrip,Boulevard Burgos 255 100,+56956082193,3
151,Travelmaniaco Viaje Rail,Corredor Norte Hernández 819 174,+56916677831,7
152,Qualá Viajes Mundo Imperial,Privada Sur Duarte 620 Interior 724,+56971462388,14
153,Ruta 86 Alaspro,Peatonal Sudán del Sur 264 Interior 819,+56982825887,8
153,Ruta 86 Alaspro,Peatonal Sudán del Sur 264 Interior 819,+56982825887,3
154,Nova Adventure Cero Limites,Diagonal Herrera 496 Interior 148,+56957520173,6
155,Avanti Viajes Alaspro,Continuación Norte Mireles 790 Interior 971,+56939869544,3
156,Punto de Partida Innovate,"Eje vial Sinaloa 488 Edif. 237 , Depto. 621",+56924282995,1
157,Ingenio Viajero Turisfront (Turismo sin fronteras),Continuación Sur Gómez 429 Interior 702,+56950267449,10
158,Turisfront (Turismo sin fronteras) Exploramos Agencia de Viajes,Retorno Norte Santana 003 517,+56920891918,13
159,Mentawai Viaja para Contar,"Peatonal Norte Gutiérrez 267 Edif. 809 , Depto. 559",+56945008219,0
160,Paraíso Global Novo Viajes,"Continuación Colima 960 Edif. 281 , Depto. 792",+56948240153,4
161,Órbita Viajera Sol De Estrella,"Corredor Sur Velasco 849 Edif. 001 , Depto. 221",+56904006592,8
162,Vuelta Total Guía Travel,Prolongación Montenegro 782 Interior 189,+56949448334,9
163,Almeda Tours Paso De Viaje,Boulevard Liberia 590 075,+56915187874,11
164,Tu Pasaporte Paso De Viaje,Viaducto Norte Urías 174 978,+56945689675,4
165,En La Ruta Puesta de sol,Prolongación Loera 019 962,+56952813056,3
166,De Vuelta al Mundo Tourx,"Periférico República de Corea 500 Edif. 875 , Depto. 160",+56926522400,4
167,Mundo Explorador Aires Travel,Peatonal Norte Yáñez 996 179,+56969227595,15
168,Qualá Viajes Qualá Viajes,"Privada Morelos 500 Edif. 173 , Depto. 854",+56928345380,1
169,Neo Viajes Ingenio Viajero,Avenida México 530 079,+56904865905,8
170,ViveGeo Nómada Tours,"Viaducto Noruega 322 Edif. 055 , Depto. 810",+56986094682,3
170,ViveGeo Nómada Tours,"Viaducto Noruega 322 Edif. 055 , Depto. 810",+56986094682,15
171,Vuelta Total Viajes Lux,"Continuación Norte Gallardo 644 Edif. 044 , Depto. 210",+56984736690,10
172,Ruta 86 Innovate,Cerrada Portillo 735 153,+56984239445,7
173,Ruta 100% Paraíso Global,Ampliación Rwanda 659 708,+56957600738,7
174,Neo Viajes Visión Viajera,"Avenida Dinamarca 742 Edif. 301 , Depto. 305",+56952077715,9
175,Travesía Viajera ViveGeo,"Andador Acevedo 789 Edif. 273 , Depto. 858",+56973456520,10
176,Viajero Naútico Vaya Viajes!,"Periférico Sur Roque 988 Edif. 922 , Depto. 101",+56929893910,8
177,Paso De Viaje De Viaje en Viaje,Calle Valladares 114 720,+56943915060,11
178,Más Luna Neo Viajes,Continuación Kuwait 667 779,+56900639723,8
179,Viajes Lux Tu Pasaporte,"Privada Lituania 916 Edif. 796 , Depto. 878",+56939491169,11
180,Vaya Viajes! Puesta de sol,"Corredor Quintanilla 704 Edif. 043 , Depto. 408",+56995296208,7
181,Almeda Tours Mundo Imperial,Avenida Baja California 407 590,+56931630703,9
182,D-Relax De Viaje en Viaje,Privada Sur Tamez 723 205,+56995153719,11
183,Novo Viajes Travesía Express,Boulevard Norte Roldán 773 Interior 573,+56943231097,14
184,Astral Viajes Viajero Itinerante,Peatonal Liberia 164 018,+56908286402,6
185,Exploramos Agencia de Viajes Innovate,"Calle Olivares 651 Edif. 699 , Depto. 836",+56958594173,13
186,Nómada Tours Paso De Viaje,"Pasaje Chiapas 616 Edif. 174 , Depto. 289",+56908806844,3
187,Travesía Express Almeda Tours,"Calzada Oaxaca 814 Edif. 060 , Depto. 209",+56939741239,3
188,Expertus Avanti Viajes,Andador Fernández 486 028,+56967548110,11
189,Alaspro Cero Limites,Viaducto Sur Baeza 937 Interior 211,+56977466498,11
190,Giro 360 Triport,Corredor Norte Merino 594 Interior 305,+56905897801,3
191,Nova Adventure Travesía Express,"Andador Norte Gallardo 895 Edif. 210 , Depto. 038",+56974055291,12
192,Almeda Tours Mapa Viajero,Callejón Alfaro 909 984,+56910755254,11
193,Lánzate Viajes Exploramos Agencia de Viajes,"Andador Yucatán 992 Edif. 286 , Depto. 860",+56933841577,0
194,Alastrip Ruta 86,"Boulevard Olmos 905 Edif. 724 , Depto. 170",+56945783020,0
195,Astral Viajes Tiempo de Viaje,Callejón Veracruz de Ignacio de la Llave 905 Interior 248,+56953275036,5
196,Nova Adventure Travesía Express,"Periférico Luxemburgo 434 Edif. 899 , Depto. 686",+56936995948,15
197,Alaspro La Nueva Ruta,"Periférico Niño 548 Edif. 121 , Depto. 710",+56914102469,6
198,De vuelta al sol Almeda Tours,"Andador Laureano 558 Edif. 562 , Depto. 388",+56988856302,3
199,La Porte Bay Vaya Viajes!,Circuito Norte Zedillo 898 583,+56968467122,0
200,Tiempo de Viaje Expertus,"Calle Michoacán de Ocampo 899 Edif. 085 , Depto. 419",+56908953270,11
200,Tiempo de Viaje Expertus,"Calle Michoacán de Ocampo 899 Edif. 085 , Depto. 419",+56908953270,14
201,Punto de Partida Triport,Corredor Baja California Sur 915 119,+56966556831,0
202,Giro 360 Nova Adventure,"Retorno Benin 033 Edif. 803 , Depto. 948",+56953991994,8
203,Más Luna Qualá Viajes,Eje vial Tórrez 573 Interior 743,+56920865336,6
204,Exploramos Agencia de Viajes Mundo Imperial,"Continuación Finlandia 199 Edif. 272 , Depto. 606",+56969021640,15
205,Vuelta Total Cero Limites,"Viaducto Omán 101 Edif. 297 , Depto. 763",+56965827417,1
206,Tiempo de Viaje La Nueva Ruta,Privada Zavala 722 Interior 550,+56950764694,4
207,Destino Pasaporte Punto de Partida,Callejón Olivas 884 097,+56990087688,5
208,Nova Adventure Vuelta Total,Corredor Micronesia 770 645,+56917078030,6
209,Vaya Viajes! D-Relax,Continuación Norte Mercado 818 Interior 337,+56905326664,2
210,Vive Ahora Paraíso Global,"Periférico Hernández 695 Edif. 404 , Depto. 483",+56992988440,14
211,Puesta de sol Visión Viajera,"Continuación Djibouti 139 Edif. 593 , Depto. 991",+56985512595,8
212,Travelmaniaco Neo Viajes,Peatonal Nuevo León 812 760,+56941342232,15
213,Exploramos Agencia de Viajes Sol De Estrella,Andador Nuevo León 219 Interior 393,+56912423527,13
214,D-Relax La Porte Bay,Calle Sur Camarillo 955 Interior 056,+56970321576,13
215,Visión Viajera Ontario Viajes,Corredor Norte Delgado 973 Interior 952,+56948189630,14
216,Nuevo Horizonte La Porte Bay,Circunvalación México 975 271,+56968667968,2
217,Supernova Ingenio Viajero,"Peatonal Menchaca 951 Edif. 163 , Depto. 067",+56965094647,14
218,Travelmaniaco Novo Viajes,Cerrada Valladares 204 777,+56951293096,6
219,Vaya Viajes! Lánzate Viajes,Circunvalación Cortez 114 Interior 157,+56908559486,1
220,Paso De Viaje Sol De Estrella,Viaducto Zacatecas 555 Interior 047,+56914346476,0
221,Ontario Viajes Cero Limites,Avenida Angola 210 565,+56937311540,4
222,En La Ruta Turisfront (Turismo sin fronteras),Circunvalación Colima 217 Interior 662,+56936039195,11
223,De vuelta al sol Innovate,Retorno Sinaloa 422 Interior 394,+56916855768,2
224,D-Relax Exploramos Agencia de Viajes,Prolongación Zambia 280 704,+56955531375,10
225,Vaya Viajes! Nómada Tours,"Cerrada Brito 104 Edif. 302 , Depto. 199",+56911800234,6
226,Viaja Lejos Planifica Tours,"Calle Aguascalientes 164 Edif. 555 , Depto. 402",+56925162841,7
227,Más Luna Tu Pasaporte,"Andador Laureano 771 Edif. 677 , Depto. 032",+56971055933,7
228,Más Luna Destino Paraíso,Calzada Bonilla 557 Interior 575,+56945928977,7
229,Almeda Tours De Viaje en Viaje,Corredor Olivares 901 Interior 268,+56972632928,14
230,Sol De Estrella Vaya Viajes!,"Retorno Estrada 489 Edif. 837 , Depto. 676",+56924285150,6
231,Ingenio Viajero Órbita Viajera,Circunvalación Quintana Roo 692 Interior 425,+56971961960,10
232,Travelmaniaco Viajes Lux,"Circunvalación Michoacán de Ocampo 249 Edif. 978 , Depto. 475",+56968576491,8
233,Triport De vuelta al sol,"Circuito Sur Escalante 443 Edif. 413 , Depto. 066",+56960362362,8
234,Planifica Tours Full Travesia,Pasaje Sur Aguilera 113 760,+56965002475,3
235,Lánzate Viajes La Nueva Ruta,Pasaje Rumania 878 Interior 148,+56969264303,10
236,Qualá Viajes Guía Travel,Cerrada México 006 111,+56921853198,7
237,Más Luna Dulce Viaje,Diagonal Norte Aguilera 336 Interior 283,+56933068121,8
238,Neo Viajes De Vuelta al Mundo,Peatonal Norte Montalvo 917 351,+56961085625,10
239,ViveGeo Mentawai,"Callejón Prieto 050 Edif. 627 , Depto. 243",+56949204768,8
240,Más Luna La Porte Bay,Continuación Norte Quintana 233 781,+56984514574,13
241,Travelmaniaco Nómada Tours,"Circuito Sur Santillán 255 Edif. 924 , Depto. 019",+56990765350,4
242,Lánzate Viajes Dulce Viaje,"Calzada Reyna 611 Edif. 742 , Depto. 688",+56991096700,6
243,Órbita Viajera Dulce Viaje,Continuación Guerrero 328 Interior 971,+56971751833,2
244,Innovate Guía Travel,Andador Sur Zelaya 423 710,+56916305286,6
245,Dulce Viaje Travesía Viajera,"Circuito Sur Aguilar 689 Edif. 715 , Depto. 280",+56915821587,15
246,Novo Viajes Novo Viajes,Callejón Reino Unido de Gran Bretaña e Irlanda del Norte 610 Interior 346,+56967599652,7
247,Guía Travel Viaje Rail,Corredor Afganistán 015 Interior 070,+56917211999,15
248,Full Travesia Travesía Viajera,Cerrada Togo 652 Interior 258,+56970110159,3
249,Puesta de sol Viajero Itinerante,Circunvalación Bosnia y Herzegovina 556 Interior 164,+56928249321,12
250,Travelmaniaco Almeda Tours,Calle Sur Arredondo 232 855,+56944338255,14
250,Travelmaniaco Almeda Tours,Calle Sur Arredondo 232 855,+56944338255,7
251,Guía Travel Tu Pasaporte,Callejón Tamaulipas 168 084,+56998411198,7
252,Sol De Estrella Aires Travel,Continuación Oaxaca 430 754,+56969892556,14
253,Travelmaniaco D-Relax,Calzada Sur Solorzano 875 Interior 604,+56938693044,3
254,Dulce Viaje Travesía Viajera,Diagonal Michoacán de Ocampo 679 Interior 036,+56989724383,9
255,Nova Adventure Alastrip,Continuación Yucatán 809 131,+56961830763,12
255,Nova Adventure Alastrip,Continuación Yucatán 809 131,+56961830763,1
256,Vuelta Total Travelmaniaco,"Diagonal Sur Sosa 117 Edif. 897 , Depto. 975",+56991768149,12
257,Vive Ahora Viajes Lux,Viaducto Norte Caballero 614 Interior 291,+56966665582,6
258,Innovate Vuelta Total,"Privada Norte Orosco 560 Edif. 407 , Depto. 514",+56992724597,9
259,Travelmaniaco De Viaje en Viaje,"Avenida Swazilandia 894 Edif. 003 , Depto. 530",+56941856566,0
260,Mundo Explorador Cero Limites,Boulevard Norte Marrero 451 693,+56988305962,11
261,Innovate Nova Adventure,"Corredor Kiribati 873 Edif. 792 , Depto. 898",+56911973913,5
262,De vuelta al sol Neo Viajes,Calzada Austria 579 Interior 170,+56925520214,12
263,Ruta 100% Tu Rumbo 360,Pasaje Norte Bonilla 963 Interior 050,+56908283172,7
264,Giro 360 Avanti Viajes,"Circuito Baja California 348 Edif. 412 , Depto. 639",+56904234190,6
265,Giro 360 Guía Travel,"Cerrada Andorra 305 Edif. 867 , Depto. 471",+56901208695,0
266,Mundo Explorador Planifica Tours,Ampliación Vélez 723 Interior 580,+56923574116,10
267,Destino Pasaporte Puesta de sol,Prolongación Veracruz de Ignacio de la Llave 822 Interior 980,+56903787287,13
268,Avanti Viajes Vaya Viajes!,Circuito Tabasco 196 Interior 429,+56913264238,0
269,Astral Viajes Expertus,"Privada Baja California Sur 970 Edif. 508 , Depto. 417",+56907251518,9
270,En La Ruta Almeda Tours,Avenida Yemen 619 132,+56949672471,13
271,Destino Pasaporte Vuelta Total,Ampliación Turquía 237 671,+56975497289,13
272,Supernova Tourx,Corredor Arreola 603 Interior 897,+56952667425,1
273,Expertus Turisfront (Turismo sin fronteras),Periférico Tabasco 267 415,+56945566412,12
274,Destino Paraíso Giro 360,"Eje vial Brunei Darussalam 476 Edif. 708 , Depto. 754",+56939534254,5
275,Tourx Expertus,Boulevard Norte Maya 144 581,+56908704828,7
276,Ontario Viajes Visión Viajera,Ampliación Norte Arriaga 391 112,+56966453932,3
277,Vuelta Total Paso De Viaje,Privada Kuwait 165 Interior 477,+56905547129,4
278,Travesía Express Ingenio Viajero,"Peatonal Durango 133 Edif. 405 , Depto. 142",+56942375709,3
279,Tu Rumbo 360 Astral Viajes,"Calle Kenya 819 Edif. 026 , Depto. 093",+56988704137,14
280,Alastrip Puesta de sol,Avenida Rojas 849 539,+56997930578,10
281,Travelmaniaco Mundo Imperial,"Retorno Jalisco 736 Edif. 719 , Depto. 072",+56931139679,10
281,Travelmaniaco Mundo Imperial,"Retorno Jalisco 736 Edif. 719 , Depto. 072",+56931139679,13
282,La Porte Bay ViveGeo,Retorno Hidalgo 799 619,+56935720024,4
283,Nova Adventure Mapa Viajero,Continuación Marruecos 886 511,+56907038282,0
284,De Viaje en Viaje De Vuelta al Mundo,"Viaducto Esquivel 734 Edif. 371 , Depto. 186",+56937598723,1
285,Viajero Itinerante Expertus,Ampliación Sur Gaona 055 Interior 459,+56909846559,6
286,Destino Pasaporte Nuevo Horizonte,Diagonal Girón 640 827,+56921706454,6
287,Viaja Lejos D-Relax,Calle Islandia 225 263,+56960581687,10
288,Almeda Tours Qualá Viajes,"Andador Norte Mora 322 Edif. 225 , Depto. 154",+56979504188,10
289,Tourx Visión Viajera,Continuación ex República Yugoslava de Macedonia 264 024,+56927748613,14
290,Tourx Full Travesia,"Cerrada Sur Garza 334 Edif. 640 , Depto. 807",+56901215625,15
291,Mundo Imperial Exploramos Agencia de Viajes,"Callejón Sur Otero 461 Edif. 029 , Depto. 254",+56947440967,5
292,Viaja Lejos Full Travesia,Avenida Sur Rodrígez 574 357,+56934063113,0
293,Viajero Naútico Giro 360,Continuación República Popular Democrática de Corea 266 430,+56979092363,5
294,Vaya Viajes! Innovate,Peatonal Norte Galván 225 164,+56941187109,6
295,Lánzate Viajes Turisfront (Turismo sin fronteras),"Circuito Guajardo 128 Edif. 528 , Depto. 003",+56956809193,10
296,Destino Pasaporte Ontario Viajes,Boulevard Sur Iglesias 713 555,+56979342221,11
297,Tourx Triport,Diagonal Durango 273 504,+56957318474,15
298,Destino Paraíso D-Relax,Eje vial Suiza 563 Interior 962,+56992914425,14
299,Viajes Lux Travesía Express,Andador Nauru 702 427,+56935612167,7
300,Guía Travel Triport,Circunvalación Sauceda 755 171,+56992728005,8
301,Supernova Avanti Viajes,"Eje vial Chiapas 932 Edif. 523 , Depto. 548",+56962425585,6
302,Tu Pasaporte La Porte Bay,"Circuito Mireles 998 Edif. 830 , Depto. 657",+56985895169,4
302,Tu Pasaporte La Porte Bay,"Circuito Mireles 998 Edif. 830 , Depto. 657",+56985895169,1
303,Qualá Viajes La Nueva Ruta,Eje vial Alemán 303 067,+56934079340,4
304,Viaja Lejos Viaja Lejos,Privada Comoras 140 Interior 421,+56976918756,7
304,Viaja Lejos Viaja Lejos,Privada Comoras 140 Interior 421,+56976918756,9
305,Exploramos Agencia de Viajes Giro 360,"Circunvalación Quintana Roo 531 Edif. 484 , Depto. 029",+56918196969,12
306,Giro 360 Ruta 100%,Continuación Turquía 069 228,+56949228934,5
307,Expertus De Vuelta al Mundo,Cerrada Sudáfrica 105 396,+56981694837,6
308,Alastrip Viaje Rail,Peatonal Nayarit 696 470,+56930474040,8
309,Universo Turístico Innovate,Privada Chiapas 079 203,+56932838034,1
310,D-Relax Tu Rumbo 360,"Boulevard Matías 844 Edif. 292 , Depto. 623",+56976064346,8
311,Nuevo Horizonte Alastrip,Boulevard Distrito Federal 982 158,+56945617684,4
312,Tu Rumbo 360 Travesía Viajera,Boulevard Norte Monroy 038 Interior 011,+56926552662,5
313,Viaja para Contar Avanti Viajes,"Boulevard Honduras 434 Edif. 005 , Depto. 244",+56927768035,11
314,Mentawai La Porte Bay,Callejón Sur Romo 739 Interior 120,+56921995810,8
315,Viaje Rail Destino Pasaporte,"Diagonal Túnez 624 Edif. 285 , Depto. 817",+56957321254,1
316,Nova Adventure Universo Turístico,Calle Sur de la Garza 927 Interior 450,+56913261153,6
317,Viaja Lejos Mapa Viajero,Eje vial Solís 589 365,+56947514876,15
318,Travesía Express Mundo Imperial,Pasaje Tabasco 003 063,+56909763765,9
319,Mentawai Neo Viajes,"Calle Aguascalientes 214 Edif. 588 , Depto. 021",+56935652285,6
320,Vive Ahora ViveGeo,Calzada Holguín 544 Interior 251,+56901826732,0
321,Almeda Tours Ruta 86,"Circuito Veracruz de Ignacio de la Llave 655 Edif. 815 , Depto. 801",+56949365933,4
322,Planifica Tours Nuevo Horizonte,"Circuito Bhután 409 Edif. 372 , Depto. 708",+56967753286,9
323,Puesta de sol Rutas de Viaje,"Ampliación Sur Pedroza 663 Edif. 842 , Depto. 068",+56991561255,14
324,Puesta de sol Viaja para Contar,"Callejón Vega 193 Edif. 644 , Depto. 603",+56957751475,2
325,Qualá Viajes La Porte Bay,Eje vial Prieto 201 593,+56935123603,5
326,Novo Viajes Rutas de Viaje,Boulevard Serbia 568 Interior 693,+56970910754,4
327,Universo Turístico Avanti Viajes,Cerrada Norte Tirado 881 Interior 913,+56992031317,6
328,De Vuelta al Mundo Giro 360,Cerrada Norte Gallegos 453 915,+56984014184,5
329,ViveGeo Vive Ahora,Cerrada Sur Granado 077 616,+56972277870,13
330,Paraíso Global Cero Limites,Viaducto García 648 588,+56906607327,3
331,Planifica Tours Tu Pasaporte,Continuación Armendáriz 025 Interior 633,+56901921953,11
332,Vuelta Total Viajero Naútico,"Corredor México 683 Edif. 760 , Depto. 302",+56921811949,5
333,Tourx Mapa Viajero,Diagonal Sur Archuleta 643 686,+56949337486,12
334,Punto de Partida Tiempo de Viaje,Circuito Filipinas 406 Interior 162,+56983889866,13
335,Alaspro Visión Viajera,Cerrada Chiapas 909 Interior 384,+56992640843,2
336,Tiempo de Viaje Exploramos Agencia de Viajes,"Prolongación Distrito Federal 616 Edif. 834 , Depto. 521",+56917445306,12
337,En La Ruta Viajero Naútico,"Avenida Norte Pizarro 644 Edif. 920 , Depto. 210",+56952059382,15
338,Tiempo de Viaje De Vuelta al Mundo,"Callejón Eslovaquia 177 Edif. 733 , Depto. 919",+56945282032,4
339,Nómada Tours Nómada Tours,"Ampliación Antigua y Barbuda 381 Edif. 059 , Depto. 252",+56950492448,11
340,Guía Travel Supernova,Continuación Sur Jáquez 519 210,+56993461734,4
341,Travesía Viajera Vuelta Total,Calle Hidalgo 455 Interior 958,+56960954058,11
342,Almeda Tours Rutas de Viaje,"Periférico San Luis Potosí 544 Edif. 314 , Depto. 034",+56906589378,11
343,Tiempo de Viaje Neo Viajes,Corredor Liberia 674 498,+56988590473,12
344,Visión Viajera Ontario Viajes,Periférico China 591 Interior 122,+56977911269,7
345,Exploramos Agencia de Viajes Supernova,Circuito Lebrón 097 Interior 450,+56931889493,14
346,Viaja Lejos Nómada Tours,Andador Sur de la Rosa 400 Interior 324,+56929967324,8
347,En La Ruta Mundo Imperial,Continuación Robles 749 Interior 402,+56939439104,1
348,Travesía Viajera Full Travesia,"Periférico Libia 804 Edif. 385 , Depto. 831",+56999015923,4
349,De Viaje en Viaje Nova Adventure,"Prolongación Hernández 283 Edif. 661 , Depto. 229",+56963881955,11
350,Innovate La Porte Bay,Boulevard Mascareñas 536 202,+56925093480,12
351,Ontario Viajes Ingenio Viajero,Corredor Nuevo León 503 Interior 592,+56941739273,9
352,Viajero Naútico Puesta de sol,Continuación Guerrero 270 Interior 999,+56972324608,13
353,Tourx Tu Pasaporte,"Calzada Suecia 098 Edif. 953 , Depto. 740",+56977142271,14
354,La Nueva Ruta Paraíso Global,Ampliación Arce 269 Interior 965,+56966138176,5
355,Universo Turístico Triport,Callejón Baja California Sur 891 Interior 883,+56959850970,8
356,Paso De Viaje D-Relax,"Circuito Colima 640 Edif. 149 , Depto. 220",+56913744385,9
357,Innovate Más Luna,"Prolongación Norte Godínez 063 Edif. 322 , Depto. 161",+56900141621,9
358,Tiempo de Viaje Mundo Imperial,"Eje vial Veracruz de Ignacio de la Llave 851 Edif. 845 , Depto. 878",+56907693655,10
359,Mapa Viajero Viaja Lejos,Retorno Gurule 433 Interior 180,+56915379993,1
360,ViveGeo De Vuelta al Mundo,Privada República de Moldova 039 612,+56970942993,11
361,Travesía Viajera Travelmaniaco,Prolongación Berríos 373 Interior 946,+56911148647,0
362,Mentawai Lánzate Viajes,Privada Armenta 404 Interior 947,+56967481191,11
363,La Porte Bay D-Relax,Continuación Querétaro 061 925,+56946227845,12
364,Más Luna Vive Ahora,Andador Querétaro 241 Interior 550,+56911680907,12
365,Guía Travel Nova Adventure,Periférico Vanegas 493 169,+56923493427,10
366,Tiempo de Viaje Nuevo Horizonte,Avenida Brasil 813 662,+56907261922,14
367,Mundo Explorador De Vuelta al Mundo,Diagonal Tlaxcala 781 266,+56990710250,13
368,Ontario Viajes Viajero Itinerante,Circuito Colima 196 Interior 149,+56971324805,15
369,Viaja Lejos Paso De Viaje,Diagonal Vásquez 948 150,+56927208188,3
370,Visión Viajera Punto de Partida,"Calle Sur Brito 024 Edif. 858 , Depto. 838",+56920200576,15
371,Alastrip Paso De Viaje,"Periférico Noruega 669 Edif. 737 , Depto. 497",+56969948712,6
372,Expertus Viajes Lux,Privada Norte Adame 109 Interior 193,+56974965029,9
373,Ruta 86 Paraíso Global,Prolongación Briones 985 909,+56983826840,12
374,Tu Rumbo 360 Mundo Explorador,Peatonal Quintana Roo 282 857,+56991434711,15
375,Destino Pasaporte Innovate,Eje vial Villanueva 845 513,+56938480460,7
376,Tiempo de Viaje Full Travesia,Calle Villa 421 711,+56993370838,15
377,Tu Pasaporte Guía Travel,Corredor Briones 550 Interior 969,+56941685845,8
378,Nómada Tours Planifica Tours,"Circuito Santana 205 Edif. 179 , Depto. 651",+56910077815,15
379,Ruta 100% Vaya Viajes!,"Calle Norte Reyes 619 Edif. 453 , Depto. 066",+56911026655,13
380,Sol De Estrella Exploramos Agencia de Viajes,Cerrada Puebla 355 Interior 036,+56970355632,14
381,Exploramos Agencia de Viajes Expertus,"Ampliación Niger 012 Edif. 891 , Depto. 529",+56956013096,11
382,Qualá Viajes Neo Viajes,"Pasaje Norte Meléndez 084 Edif. 708 , Depto. 932",+56958058022,10
383,Ingenio Viajero Lánzate Viajes,Diagonal República Checa 670 566,+56907959775,7
384,Ruta 100% Mentawai,Cerrada Benítez 080 718,+56949423020,13
385,Exploramos Agencia de Viajes Viaje Rail,Callejón Chiapas 481 Interior 578,+56974406705,1
386,Supernova De Vuelta al Mundo,"Eje vial Norte Ruelas 661 Edif. 101 , Depto. 663",+56976059920,13
387,Viaja para Contar Punto de Partida,"Cerrada Estonia 384 Edif. 504 , Depto. 533",+56935719333,14
388,Full Travesia De Vuelta al Mundo,"Corredor Otero 031 Edif. 263 , Depto. 796",+56900207948,1
388,Full Travesia De Vuelta al Mundo,"Corredor Otero 031 Edif. 263 , Depto. 796",+56900207948,13
389,Almeda Tours Planifica Tours,Privada Varela 909 528,+56971442028,7
390,De vuelta al sol Destino Paraíso,"Calle Guanajuato 177 Edif. 681 , Depto. 751",+56990787462,10
391,Giro 360 Tu Rumbo 360,"Callejón Villarreal 811 Edif. 977 , Depto. 081",+56939719961,14
392,La Nueva Ruta Giro 360,Circuito Qatar 589 Interior 536,+56966857730,11
393,De Vuelta al Mundo Travelmaniaco,"Andador Morelos 206 Edif. 268 , Depto. 931",+56911063712,4
394,Más Luna Viajero Itinerante,"Periférico Sur Tello 529 Edif. 552 , Depto. 807",+56911376290,3
395,Ruta 100% Aires Travel,"Cerrada Gamez 879 Edif. 732 , Depto. 659",+56973019940,9
396,Almeda Tours Tourx,Eje vial Michoacán de Ocampo 262 Interior 153,+56945526751,9
397,Más Luna Travesía Express,Diagonal Croacia 700 446,+56916904945,12
398,Tu Pasaporte Neo Viajes,Boulevard Oaxaca 559 297,+56995510825,11
399,Travelmaniaco Astral Viajes,Periférico Michoacán de Ocampo 941 704,+56948362278,6
400,De Vuelta al Mundo Tu Pasaporte,"Callejón Michoacán de Ocampo 776 Edif. 007 , Depto. 555",+56957164695,2
401,Tu Pasaporte Avanti Viajes,"Prolongación México 554 Edif. 026 , Depto. 037",+56918024680,12
402,Cero Limites La Nueva Ruta,Calzada Michoacán de Ocampo 070 402,+56932214690,4
403,De Viaje en Viaje Astral Viajes,Corredor Norte Zapata 916 Interior 935,+56929621637,12
404,Vuelta Total Lánzate Viajes,Peatonal Benavídez 848 978,+56937646743,11
405,Almeda Tours Mundo Explorador,Viaducto Uganda 349 Interior 663,+56974618677,13
406,Nómada Tours Tu Rumbo 360,Boulevard Nuevo León 594 Interior 854,+56949070108,13
407,Ruta 100% Nómada Tours,"Diagonal Durango 317 Edif. 581 , Depto. 108",+56927374174,4
408,Lánzate Viajes Ruta 100%,"Corredor Irlanda 791 Edif. 080 , Depto. 430",+56908105431,5
409,Ruta 86 Novo Viajes,Prolongación República de Moldova 936 218,+56908146659,4
410,Órbita Viajera Sol De Estrella,Privada Palomino 976 Interior 473,+56935522499,13
410,Órbita Viajera Sol De Estrella,Privada Palomino 976 Interior 473,+56935522499,1
411,Tiempo de Viaje Nova Adventure,"Periférico Norte Ojeda 914 Edif. 022 , Depto. 336",+56942502712,3
412,Universo Turístico Turisfront (Turismo sin fronteras),Continuación Puebla 998 079,+56975592868,4
413,Viajero Naútico Alaspro,Calzada Nayarit 154 Interior 233,+56995163022,14
414,Destino Pasaporte Sol De Estrella,Corredor Norte Rosado 383 Interior 025,+56954748240,12
415,Travesía Viajera Mapa Viajero,"Andador Norte Mayorga 304 Edif. 584 , Depto. 062",+56943095058,5
416,Planifica Tours Más Luna,Calle Solorzano 007 Interior 602,+56943521642,6
417,Turisfront (Turismo sin fronteras) Destino Pasaporte,Ampliación Vigil 873 535,+56974630681,3
418,Expertus Supernova,Diagonal Sur Ocampo 752 Interior 695,+56917496867,7
419,Viajes Cosmópolis De Vuelta al Mundo,"Diagonal Trinidad y Tabago 383 Edif. 040 , Depto. 714",+56920551386,5
420,Lánzate Viajes Vive Ahora,Cerrada Santillán 922 261,+56944611142,7
421,Mapa Viajero Exploramos Agencia de Viajes,Avenida Norte Herrera 762 401,+56902586581,8
422,Full Travesia En La Ruta,"Retorno Puebla 812 Edif. 839 , Depto. 195",+56943763371,3
423,Paraíso Global Paso De Viaje,"Retorno Sur Rosado 741 Edif. 100 , Depto. 190",+56908700812,8
424,Travesía Viajera Full Travesia,Circunvalación Sur Vargas 300 Interior 168,+56908625976,7
425,Viajero Itinerante Paso De Viaje,"Cerrada Miramontes 106 Edif. 575 , Depto. 619",+56989958179,8
426,Paso De Viaje Astral Viajes,"Circunvalación Sur Alonso 183 Edif. 046 , Depto. 284",+56939110169,6
427,Vuelta Total Travesía Viajera,Circuito Guevara 042 Interior 104,+56916649128,7
428,Viajes Cosmópolis Paso De Viaje,Eje vial Uzbekistán 876 721,+56990822449,11
429,Vive Ahora Universo Turístico,Circuito Etiopía 429 Interior 042,+56956664221,7
430,Guía Travel Cero Limites,Peatonal Sur Hidalgo 425 394,+56964760671,0
431,Viajero Itinerante Paso De Viaje,Corredor Senegal 752 038,+56916753242,11
432,Destino Paraíso Astral Viajes,"Peatonal Sanches 184 Edif. 764 , Depto. 773",+56988405799,0
432,Destino Paraíso Astral Viajes,"Peatonal Sanches 184 Edif. 764 , Depto. 773",+56988405799,6
433,Viaje Rail Exploramos Agencia de Viajes,"Viaducto Lituania 257 Edif. 077 , Depto. 411",+56950848735,14
434,Mentawai Nómada Tours,Calle Djibouti 647 Interior 701,+56918167499,7
435,Qualá Viajes Novo Viajes,Pasaje Pérez 047 Interior 111,+56982243389,6
436,Vive Ahora Ontario Viajes,Periférico Norte Montoya 980 585,+56929726199,9
437,En La Ruta Vuelta Total,Callejón Norte Escobar 734 385,+56999144839,9
437,En La Ruta Vuelta Total,Callejón Norte Escobar 734 385,+56999144839,5
438,Viajes Cosmópolis Tu Pasaporte,"Continuación Suriname 692 Edif. 190 , Depto. 723",+56997981437,8
439,Supernova Mundo Imperial,Continuación Baja California 389 Interior 561,+56933809944,10
440,Guía Travel Mundo Explorador,Calzada Sarabia 527 Interior 733,+56957866081,2
441,Mundo Explorador Nuevo Horizonte,Peatonal Pakistán 289 339,+56909451220,13
442,Viaja Lejos Supernova,Retorno Armendáriz 798 681,+56920763815,6
443,Turisfront (Turismo sin fronteras) Punto de Partida,Circunvalación Cabrera 749 Interior 524,+56962566205,1
444,Lánzate Viajes Guía Travel,Ampliación Tamez 675 779,+56968776564,2
445,Lánzate Viajes Más Luna,Avenida Sur Padrón 618 Interior 322,+56934472658,14
446,Guía Travel Nova Adventure,Circuito Castañeda 413 648,+56933115714,2
447,Innovate Paso De Viaje,"Andador Distrito Federal 433 Edif. 305 , Depto. 376",+56957827085,11
448,Visión Viajera De vuelta al sol,Andador Tamaulipas 701 937,+56960031967,2
449,Tu Pasaporte Punto de Partida,Andador Sur Ulibarri 200 009,+56940424280,1
450,Ruta 86 Full Travesia,Eje vial Sur Aguayo 848 749,+56904192775,2
451,Alastrip Órbita Viajera,"Eje vial Blanco 515 Edif. 973 , Depto. 066",+56914946126,7
452,Destino Pasaporte Avanti Viajes,Circunvalación Libia 604 Interior 209,+56907844303,7
453,Viajes Cosmópolis Viajes Cosmópolis,Peatonal Namibia 735 950,+56980434734,5
454,Viajes Cosmópolis Planifica Tours,Corredor Nuevo León 265 143,+56920128665,2
455,Aires Travel Neo Viajes,Pasaje Malasia 402 Interior 037,+56935055100,9
456,Mapa Viajero Vive Ahora,Boulevard Eslovenia 422 Interior 592,+56907886768,10
457,Puesta de sol Órbita Viajera,"Avenida Campeche 333 Edif. 544 , Depto. 726",+56972550727,6
458,D-Relax Vive Ahora,"Ampliación República Checa 819 Edif. 955 , Depto. 142",+56920449151,3
459,Dulce Viaje Full Travesia,Boulevard Jordania 913 130,+56928855417,0
460,Viaja para Contar Planifica Tours,Corredor Sur Granados 971 Interior 033,+56989320383,11
461,Viaja para Contar Paraíso Global,Viaducto Nuevo León 946 Interior 420,+56909118621,1
462,Mapa Viajero Más Luna,Callejón Loya 322 013,+56908136031,1
463,Ruta 100% Mundo Imperial,"Diagonal Estados Unidos de América 546 Edif. 576 , Depto. 612",+56972731402,9
464,Giro 360 Nova Adventure,Boulevard Baeza 406 429,+56927380814,11
465,Mentawai Viaja para Contar,"Andador Lerma 171 Edif. 611 , Depto. 820",+56931367920,0
466,De vuelta al sol Punto de Partida,"Andador Tabasco 243 Edif. 524 , Depto. 508",+56914072724,8
467,Supernova Supernova,"Pasaje Báez 473 Edif. 958 , Depto. 682",+56933342037,14
468,Triport Ruta 86,Avenida Casillas 283 Interior 710,+56979363804,6
469,Punto de Partida Mentawai,"Avenida Norte Salgado 522 Edif. 262 , Depto. 034",+56987772704,9
470,Novo Viajes En La Ruta,Viaducto Jalisco 352 Interior 516,+56917685771,3
471,Nómada Tours Alaspro,"Viaducto Sur Villarreal 889 Edif. 453 , Depto. 708",+56941660171,8
472,Tu Rumbo 360 Qualá Viajes,"Privada Lituania 717 Edif. 693 , Depto. 807",+56964164938,9
473,Almeda Tours Viajero Naútico,Calle Iglesias 876 187,+56902319054,1
474,D-Relax Innovate,Calle Meza 450 Interior 526,+56985079278,11
475,Viaja Lejos Aires Travel,Callejón Yemen 434 Interior 314,+56966049880,6
476,Full Travesia Exploramos Agencia de Viajes,Circunvalación de la Rosa 875 Interior 995,+56954255027,12
477,Planifica Tours Destino Paraíso,Periférico Baja California Sur 140 Interior 157,+56963732448,6
478,Turisfront (Turismo sin fronteras) En La Ruta,Retorno Sur Espinosa 339 821,+56945666733,4
479,Dulce Viaje Universo Turístico,Circunvalación Oaxaca 303 132,+56917692163,11
480,Alastrip Vaya Viajes!,Cerrada Norte Rentería 929 906,+56994877296,11
481,Vuelta Total Viajes Lux,Cerrada Norte Ortega 379 458,+56964694551,6
482,Más Luna Viaja para Contar,Diagonal Norte Mora 022 798,+56965619201,14
483,Universo Turístico Almeda Tours,"Andador Balderas 147 Edif. 080 , Depto. 264",+56918519017,12
484,Planifica Tours Vive Ahora,Boulevard Sur Cadena 515 139,+56911808621,3
485,Lánzate Viajes Nómada Tours,Ampliación Norte Montemayor 434 780,+56940321816,15
486,Giro 360 Tourx,"Ampliación Vera 816 Edif. 013 , Depto. 544",+56943031562,2
487,Dulce Viaje Triport,Continuación Prado 750 Interior 410,+56933933597,6
488,Rutas de Viaje Viajero Itinerante,Avenida Veracruz de Ignacio de la Llave 878 Interior 003,+56977973553,9
489,Puesta de sol Giro 360,Viaducto Norte Maestas 350 006,+56938672773,5
490,Mundo Imperial Aires Travel,"Privada Norte Gil 967 Edif. 935 , Depto. 982",+56939550201,6
491,Viajero Naútico Travelmaniaco,"Viaducto Yáñez 610 Edif. 151 , Depto. 043",+56924841808,13
492,Ruta 100% Astral Viajes,"Pasaje Nauru 768 Edif. 634 , Depto. 834",+56952582345,5
493,Turisfront (Turismo sin fronteras) Destino Pasaporte,Calle Espinosa 866 Interior 356,+56914375788,15
494,Guía Travel Dulce Viaje,Ampliación Norte Saiz 403 Interior 492,+56966848705,9
495,Travelmaniaco Alaspro,Corredor Querétaro 796 236,+56965063107,15
496,Giro 360 Punto de Partida,Avenida Querétaro 316 Interior 926,+56944363345,1
497,Neo Viajes Visión Viajera,"Corredor Tuvalu 397 Edif. 374 , Depto. 614",+56985237768,6
498,Planifica Tours Viajes Cosmópolis,"Callejón Baja California Sur 428 Edif. 322 , Depto. 028",+56985378748,9
499,Alastrip Planifica Tours,"Cerrada Sur Contreras 316 Edif. 610 , Depto. 545",+56978519493,3
